driverId,forename,surname,year,dob,nationality,ability
1,Lewis,Hamilton,1985,1985-01-07,British,59
30,Michael,Schumacher,1969,1969-01-03,German,58
579,Juan,Fangio,1911,1911-06-24,Argentine,58
117,Alain,Prost,1955,1955-02-24,French,57
20,Sebastian,Vettel,1987,1987-07-03,German,57
102,Ayrton,Senna,1960,1960-03-21,Brazilian,57
328,Jackie,Stewart,1939,1939-06-11,British,56
137,Nelson,Piquet,1952,1952-08-17,Brazilian,56
182,Niki,Lauda,1949,1949-02-22,Austrian,56
356,Jack,Brabham,1926,1926-04-02,Australian,56
830,Max,Verstappen,1997,1997-09-30,Dutch,55
4,Fernando,Alonso,1981,1981-07-29,Spanish,55
289,Graham,Hill,1929,1929-02-15,British,55
224,Emerson,Fittipaldi,1946,1946-12-12,Brazilian,55
373,Jim,Clark,1936,1936-03-04,British,55
57,Mika,Häkkinen,1968,1968-09-28,Finnish,54
647,Alberto,Ascari,1918,1918-07-13,Italian,54
95,Nigel,Mansell,1953,1953-08-08,British,54
8,Kimi,Räikkönen,1979,1979-10-17,Finnish,54
71,Damon,Hill,1960,1960-09-17,British,54
3,Nico,Rosberg,1985,1985-06-27,German,54
222,Jody,Scheckter,1950,1950-01-29,South African,53
642,Nino,Farina,1906,1906-10-30,Italian,53
18,Jenson,Button,1980,1980-01-19,British,53
341,John,Surtees,1934,1934-02-11,British,53
35,Jacques,Villeneuve,1971,1971-04-09,Canadian,53
304,Denny,Hulme,1936,1936-06-18,New Zealander,53
178,Alan,Jones,1946,1946-11-02,Australian,53
578,Mike,Hawthorn,1929,1929-04-10,British,52
358,Jochen,Rindt,1942,1942-04-18,Austrian,52
177,Keke,Rosberg,1948,1948-12-06,Finnish,52
207,Mario,Andretti,1940,1940-02-28,American,52
403,Phil,Hill,1927,1927-04-20,American,52
231,James,Hunt,1947,1947-08-29,British,52
22,Rubens,Barrichello,1972,1972-05-23,Brazilian,52
822,Valtteri,Bottas,1989,1989-08-28,Finnish,52
238,Ronnie,Peterson,1944,1944-02-14,Swedish,51
235,Jacky,Ickx,1945,1945-01-01,Belgian,51
14,David,Coulthard,1971,1971-03-27,British,51
199,Carlos,Reutemann,1942,1942-04-12,Argentine,51
360,Bruce,McLaren,1937,1937-08-30,New Zealander,51
119,Riccardo,Patrese,1954,1954-04-17,Italian,51
815,Sergio,Pérez,1990,1990-01-26,Mexican,51
13,Felipe,Massa,1981,1981-04-25,Brazilian,51
223,Clay,Regazzoni,1939,1939-09-05,Swiss,51
479,Tony,Brooks,1932,1932-02-25,British,50
498,José Froilán,González,1922,1922-10-05,Argentine,50
49,Heinz-Harald,Frentzen,1967,1967-05-18,German,50
105,Michele,Alboreto,1956,1956-12-23,Italian,50
844,Charles,Leclerc,1997,1997-10-16,Monegasque,50
56,Eddie,Irvine,1965,1965-11-10,British,50
202,Didier,Pironi,1952,1952-03-26,French,50
203,Gilles,Villeneuve,1950,1950-01-18,Canadian,50
476,Wolfgang,von Trips,1928,1928-05-04,German,50
17,Mark,Webber,1976,1976-08-27,Australian,50
77,Gerhard,Berger,1959,1959-08-27,Austrian,49
31,Juan,Pablo Montoya,1975,1975-09-20,Colombian,49
817,Daniel,Ricciardo,1989,1989-07-01,Australian,49
327,François,Cevert,1944,1944-02-25,French,49
386,Richie,Ginther,1930,1930-08-05,American,49
173,Elio,de Angelis,1958,1958-03-26,Italian,49
581,Peter,Collins,1931,1931-11-06,British,49
608,Eugenio,Castellotti,1930,1930-10-10,Italian,49
163,René,Arnoux,1948,1948-07-04,French,49
641,Piero,Taruffi,1906,1906-10-12,Italian,49
577,Luigi,Musso,1924,1924-07-28,Italian,49
786,Luigi,Fagioli,1898,1898-06-09,Italian,48
172,Jacques,Laffite,1943,1943-11-21,French,48
23,Ralf,Schumacher,1975,1975-06-30,German,48
55,Jean,Alesi,1964,1964-06-11,French,48
364,Dan,Gurney,1931,1931-04-13,American,48
427,Maurice,Trintignant,1917,1917-10-30,French,48
21,Giancarlo,Fisichella,1973,1973-01-14,Italian,48
123,Thierry,Boutsen,1957,1957-07-13,Belgian,48
9,Robert,Kubica,1984,1984-12-07,Polish,48
385,Lorenzo,Bandini,1935,1935-12-21,Italian,48
175,Patrick,Tambay,1949,1949-06-25,French,48
554,Jean,Behra,1921,1921-02-16,French,48
65,Johnny,Herbert,1964,1964-06-25,British,47
847,George,Russell,1998,1998-02-15,British,47
627,Louis,Rosier,1905,1905-11-05,French,47
456,Roy,Salvadori,1922,1922-05-12,British,47
723,Rudi,Fischer,1912,1912-04-19,Swiss,47
832,Carlos,Sainz,1994,1994-09-01,Spanish,47
633,Luigi,Villoresi,1909,1909-05-16,Italian,47
140,Stefan,Johansson,1956,1956-09-08,Swedish,47
2,Nick,Heidfeld,1977,1977-05-10,German,47
278,Chris,Amon,1943,1943-07-20,New Zealander,47
306,Jean-Pierre,Beltoise,1937,1937-04-26,French,47
648,Karl,Kling,1910,1910-09-16,German,47
846,Lando,Norris,1999,1999-11-13,British,47
345,Pedro,Rodríguez,1940,1940-01-18,Mexican,46
84,Martin,Brundle,1959,1959-06-01,British,46
15,Jarno,Trulli,1974,1974-07-13,Italian,46
501,Harry,Schell,1921,1921-06-29,American,46
418,Masten,Gregory,1932,1932-02-29,American,46
626,Robert,Manzon,1917,1917-04-12,French,46
482,Olivier,Gendebien,1924,1924-01-12,Belgian,46
669,Prince,Bira,1914,1914-07-15,Thai,46
478,Hans,Herrmann,1928,1928-02-23,German,46
118,Derek,Warwick,1954,1954-08-27,British,46
154,Romain,Grosjean,1986,1986-04-17,French,46
848,Alexander,Albon,1996,1996-03-23,Thai,46
697,Felice,Bonetto,1903,1903-06-09,Italian,46
807,Nico,Hülkenberg,1987,1987-08-19,German,46
842,Pierre,Gasly,1996,1996-02-07,French,45
158,Eddie,Cheever,1958,1958-01-10,American,45
122,Ivan,Capelli,1963,1963-05-24,Italian,45
640,Toulo,de Graffenried,1914,1914-05-18,Swiss,45
826,Daniil,Kvyat,1994,1994-04-26,Russian,45
44,Olivier,Panis,1966,1966-09-02,French,45
686,Reg,Parnell,1911,1911-07-02,British,45
25,Alexander,Wurz,1974,1974-02-15,Austrian,45
589,Louis,Chiron,1899,1899-08-03,Monegasque,45
11,Takuma,Sato,1977,1977-01-28,Japanese,45
131,Stefano,Modena,1963,1963-05-12,Italian,45
486,Jack,Fairman,1913,1913-03-15,British,45
670,Onofre,Marimón,1923,1923-12-19,Argentine,45
825,Kevin,Magnussen,1992,1992-10-05,Danish,45
16,Adrian,Sutil,1983,1983-01-11,German,45
394,Giancarlo,Baghetti,1934,1934-12-25,Italian,44
170,Teo,Fabi,1955,1955-03-09,Italian,44
397,Peter,Arundell,1933,1933-11-08,British,44
857,Oscar,Piastri,2001,2001-04-06,Australian,44
87,Mark,Blundell,1966,1966-04-08,British,44
10,Timo,Glock,1982,1982-03-18,German,44
840,Lance,Stroll,1998,1998-10-29,Canadian,44
50,Jos,Verstappen,1972,1972-03-04,Dutch,44
808,Vitaly,Petrov,1984,1984-09-08,Russian,44
375,Ludovico,Scarfiotti,1933,1933-10-18,Italian,44
802,Dorino,Serafini,1909,1909-07-22,Italian,44
233,Hans-Joachim,Stuck,1951,1951-01-01,German,44
704,Yves,Cabantous,1904,1904-10-08,French,44
94,Pierluigi,Martini,1961,1961-04-23,Italian,44
541,Ron,Flockhart,1923,1923-06-16,British,44
663,Ken,Wharton,1916,1916-03-21,British,44
121,Michael,Andretti,1962,1962-10-05,American,43
695,Oscar,Gálvez,1913,1913-08-17,Argentine,43
155,Kamui,Kobayashi,1986,1986-09-13,Japanese,43
91,Karl,Wendlinger,1968,1968-12-20,Austrian,43
206,Derek,Daly,1953,1953-03-11,Irish,43
317,Reine,Wisell,1941,1941-09-30,Swedish,43
423,Gerhard,Mitter,1935,1935-08-30,German,43
742,Dennis,Poore,1916,1916-08-19,British,43
176,Marc,Surer,1951,1951-09-18,Swiss,43
818,Jean-Éric,Vergne,1990,1990-04-25,French,43
307,Howden,Ganley,1941,1941-12-24,New Zealander,43
43,Cristiano,da Matta,1973,1973-09-19,Brazilian,43
831,Felipe,Nasr,1992,1992-08-21,Brazilian,43
92,Bertrand,Gachot,1962,1962-12-23,Belgian,43
689,Alan,Brown,1919,1919-11-20,British,43
64,Pedro,Diniz,1970,1970-05-22,Brazilian,43
852,Yuki,Tsunoda,2000,2000-05-11,Japanese,43
41,Ricardo,Zonta,1976,1976-03-23,Brazilian,42
741,Philippe,Étancelin,1896,1896-12-28,French,42
67,Sébastien,Buemi,1988,1988-10-31,Swiss,42
32,Christian,Klien,1983,1983-02-07,Austrian,42
24,Vitantonio,Liuzzi,1980,1980-08-06,Italian,42
429,André,Pilette,1918,1918-10-06,Belgian,42
854,Mick,Schumacher,1999,1999-03-22,German,42
821,Esteban,Gutiérrez,1991,1991-08-05,Mexican,42
609,André,Simon,1920,1920-01-05,French,42
774,Eugène,Chaboud,1907,1907-04-12,French,42
185,Stefan,Bellof,1957,1957-11-20,German,42
96,Jean-Christophe,Boullion,1969,1969-12-27,French,42
841,Antonio,Giovinazzi,1993,1993-12-14,Italian,42
835,Jolyon,Palmer,1991,1991-01-20,British,42
7,Sébastien,Bourdais,1979,1979-02-28,French,42
849,Nicholas,Latifi,1995,1995-06-29,Canadian,42
624,Hernando,da Silva Ramos,1925,1925-12-07,Brazilian,42
743,Eric,Thompson,1919,1919-11-04,British,42
114,Yannick,Dalmas,1961,1961-07-28,French,41
353,Pete,Lovely,1926,1926-04-11,American,41
410,Neville,Lederle,1938,1938-09-25,South African,41
74,Esteban,Tuero,1978,1978-04-22,Argentine,41
661,Peter,Walker,1912,1912-10-07,British,41
51,Justin,Wilson,1978,1978-07-31,British,41
845,Sergey,Sirotkin,1995,1995-08-27,Russian,41
859,Liam,Lawson,2002,2002-02-11,New Zealander,41
773,Pierre,Levegh,1905,1905-12-22,French,41
622,Chico,Landi,1907,1907-07-14,Brazilian,41
858,Logan,Sargeant,2000,2000-12-31,American,41
239,Brett,Lunger,1945,1945-11-14,American,41
148,Gregor,Foitek,1965,1965-03-27,Swiss,41
721,Peter,Hirt,1910,1910-03-30,Swiss,41
735,Charles,de Tornaco,1927,1927-06-07,Belgian,41
29,Sakon,Yamamoto,1982,1982-07-09,Japanese,41
708,Duncan,Hamilton,1920,1920-04-30,British,41
390,Alan,Rees,1938,1938-01-12,British,41
837,Rio,Haryanto,1993,1993-01-22,Indonesian,41
778,Brian,Shawe Taylor,1915,1915-01-28,British,40
276,Bob,Evans,1947,1947-06-11,British,40
93,Domenico,Schiattarella,1967,1967-11-17,Italian,40
762,Franco,Rol,1908,1908-06-05,Italian,40
719,Albert,Scherrer,1908,1908-02-28,Swiss,40
788,Joe,Fry,1915,1915-10-26,British,40
463,Jay,Chamberlain,1925,1925-12-29,American,40
791,Clemente,Biondetti,1898,1898-08-18,Italian,40
717,Hans,von Stuck,1900,1900-12-27,German,40
709,Ernst,Klodwig,1903,1903-05-23,East German,40
750,Adolf,Brudes,1899,1899-10-15,German,40
755,Rudolf,Schoeller,1902,1902-04-27,Swiss,40
749,Bill,Aston,1900,1900-03-29,British,40
861,Richard,Brise,1896,1896-01-01,British,40
862,Keke,Kozarowitzky,1897,1897-01-01,Finnish,40
863,Eddie,Driver,1897,1897-01-01,South African,40
864,Basil,Niemann,1901,1901-01-01,South African,40
865,Emanuele,Giacomelli,1901,1901-01-01,Italian,40
866,Bernd,Adolff,1902,1902-01-01,German,40
867,Chris,Widdows,1904,1904-01-01,British,40
868,François,Gounon,1970,1970-01-01,French,39
869,Edgar,Frentzen,1988,1988-01-01,German,39
870,Ralf,Heidfeld,2001,2001-01-01,German,39
871,François,Lucienbonnet,2002,2002-01-01,French,39
